<?xml version="1.0" encoding="UTF-8"?>
<configuration>
    <appender name="CONSOLE"
              class="ch.qos.logback.core.ConsoleAppender">
        <layout class="ch.qos.logback.classic.PatternLayout">
            <Pattern>
                %-30(%d %p) %-30.30([%t] %C): %msg%n%throwable
            </Pattern>
        </layout>
    </appender>

    <appender name="FILE"
              class="ch.qos.logback.core.rolling.RollingFileAppender">
        <file>logs/app-logback.log</file>
        <rollingPolicy class="ch.qos.logback.core.rolling.SizeAndTimeBasedRollingPolicy">
            <fileNamePattern>logs/archived/app-%d{yyyy-MM-dd}.%i-logback.log</fileNamePattern>
            <maxFileSize>10MB</maxFileSize>
        </rollingPolicy>
        <encoder>
            <pattern>%d %p [%t] %C: %msg%n%throwable</pattern>
        </encoder>
    </appender>

    <logger name="ru.netology.cloudstorage" level="debug" additivity="false">
        <appender-ref ref="FILE"/>
        <appender-ref ref="CONSOLE"/>
    </logger>

    <root level="INFO">
        <appender-ref ref="FILE"/>
        <appender-ref ref="CONSOLE"/>
    </root>
</configuration>